{
  "loot_tables_to_eject": [
    {
      "data": "nova_structures:spawners/end_castle/mini_boss",
      "weight": 4
    },
    {
      "data": "nova_structures:keys/end_castle_key",
      "weight": 1
    }
  ],
  "simultaneous_mobs": 1,
  "total_mobs": 1,
  "simultaneous_mobs_added_per_player": 0,
  "total_mobs_added_per_player": 0.5,
  "ticks_between_spawn": 4,
  "spawn_range": 1,
  "spawn_potentials": [
    {
      "data": {
        "entity": {
          "drop_chances": {
            "mainhand": 0
          },
          "attributes": [
            {
              "id": "max_health",
              "base": 90
            },
            {
              "id": "scale",
              "base": 3
            },
            {
              "id": "follow_range",
              "base": 150
            }
          ],
          "id": "minecraft:shulker",
          "Health": 90,
          "Tags": [
            "shulker_boss",
            "trial_normal"
          ],
          "equipment": {
            "mainhand": {
              "components": {
                "minecraft:enchantments": {
                  "nova_structures:boss_behaviour": 1
                }
              },
              "count": 1,
              "id": "stick"
            }
		  }
        }
      },
      "weight": 1
    }
  ]
}