{
  "values": [
    "minecraft:plains",
    "minecraft:sunflower_plains",
    "minecraft:sparse_jungle",
    {
     "id": "terralith:arid_highlands",
     "required": false
    },
    {
     "id": "terralith:alpine_highlands",
     "required": false
    },
    {
     "id": "terralith:highlands",
     "required": false
    },
    {
     "id": "terralith:temperate_highlands",
     "required": false
    },
    {
     "id": "terralith:shield_clearing",
     "required": false
    },
    {
     "id": "terralith:steppe",
     "required": false
    },
    {
     "id": "terralith:valley_clearing",
     "required": false
    },
    {
     "id": "terralith:shrubland",
     "required": false
    },
    {
     "id": "biomesoplenty:bog",
     "required": false
    },
    {
     "id": "biomesoplenty:orchard",
     "required": false
    },
    {
     "id": "biomesoplenty:shrubland",
     "required": false
    },
    {
     "id": "biomesoplenty:rocky_shrubland",
     "required": false
    },
    {
     "id": "biomesoplenty:overgrown_greens",
     "required": false
    },
    {
     "id": "biomesoplenty:field",
     "required": false
    },
    {
     "id": "biomesoplenty:prairie",
     "required": false
    },
    {
     "id": "biomesoplenty:lavender_field",
     "required": false
    },
    {
     "id": "biomesoplenty:pasture",
     "required": false
    },
    {
     "id": "biomesoplenty:scrubland",
     "required": false
    },
    {
     "id": "biomesoplenty:grassland",
     "required": false
    },
    {
     "id": "biomesoplenty:wasteland",
     "required": false
    },
    {
     "id": "biomesoplenty:dead_forest",
     "required": false
    },
    {
     "id": "biomesoplenty:pumpkin_patch",
     "required": false
    }
  ]
}