{
  "values": [
    "minecraft:forest",
    "minecraft:birch_forest",
    "minecraft:old_growth_birch_forest",
    "minecraft:savanna",
    "minecraft:meadow",
    "minecraft:taiga",
    "minecraft:old_growth_spruce_taiga",
    "minecraft:old_growth_pine_taiga",
    {
     "id": "terralith:arid_highlands",
     "required": false
    },
    {
     "id": "terralith:ashen_savanna",
     "required": false
    },
    {
     "id": "terralith:birch_taiga",
     "required": false
    },
    {
     "id": "terralith:blooming_plateau",
     "required": false
    },
        {
     "id": "terralith:forested_highlands",
     "required": false
    },
    {
     "id": "terralith:highlands",
     "required": false
    },
    {
     "id": "terralith:lavender_forest",
     "required": false
    },
    {
     "id": "terralith:moonlight_grove",
     "required": false
    },
    {
     "id": "terralith:shield",
     "required": false
    },
    {
     "id": "terralith:siberian_grove",
     "required": false
    },
    {
     "id": "terralith:siberian_taiga",
     "required": false
    },
    {
     "id": "terralith:temperate_highlands",
     "required": false
    },
    {
     "id": "terralith:wintry_forest",
     "required": false
    },
    {
     "id": "terralith:wintry_lowlands",
     "required": false
    },
    {
     "id": "terralith:yosemite_lowlands",
     "required": false
    },
    {
     "id": "terralith:alpine_highlands",
     "required": false
    },
    {
     "id": "biomesoplenty:aspen_glade",
     "required": false
    },
    {
     "id": "biomesoplenty:auroral_garden",
     "required": false
    },
    {
     "id": "biomesoplenty:coniferous_forest",
     "required": false
    },
    {
     "id": "biomesoplenty:crag",
     "required": false
    },
    {
     "id": "biomesoplenty:forested_field",
     "required": false
    },
    {
     "id": "biomesoplenty:highland",
     "required": false
    },
    {
     "id": "biomesoplenty:jacaranda_glade",
     "required": false
    },
    {
     "id": "biomesoplenty:maple_woods",
     "required": false
    },
    {
     "id": "biomesoplenty:mediterranean_forest",
     "required": false
    },
    {
     "id": "biomesoplenty:old_growth_woodland",
     "required": false
    },
    {
     "id": "biomesoplenty:ominous_woods",
     "required": false
    },
    {
     "id": "biomesoplenty:orchard",
     "required": false
    },
    {
     "id": "biomesoplenty:redwood_forest",
     "required": false
    },
    {
     "id": "biomesoplenty:seasonal_forest",
     "required": false
    },
    {
     "id": "biomesoplenty:snowy_coniferous_forest",
     "required": false
    },
    {
     "id": "biomesoplenty:snowy_maple_woods",
     "required": false
    },
    {
     "id": "biomesoplenty:tropics",
     "required": false
    },
    {
     "id": "biomesoplenty:woodland",
     "required": false
    }
  ]
}