{
  "pools": [
    {
      "rolls": 1,
      "entries": [
        {
          "type": "minecraft:item",
          "name": "minecraft:cobweb",
          "functions": [
            {
              "function": "minecraft:set_count",
              "count": {
                "type": "minecraft:uniform",
                "min": 0,
                "max": 8
              }
            }
          ]
        }
      ]
    },
    {
      "rolls": {
        "type": "minecraft:uniform",
        "min": 1,
        "max": 5
      },
      "entries": [
        {
          "type": "minecraft:item",
          "name": "minecraft:book"
        }
      ],
      "functions": [
        {
          "function": "minecraft:enchant_with_levels",
          "levels": {
            "type": "minecraft:uniform",
            "min": 25,
            "max": 45
          },
          "treasure": true
        }
      ]
    },
    {
      "rolls": {
        "type": "minecraft:uniform",
        "min": 8,
        "max": 16
      },
      "entries": [
        {
          "type": "minecraft:item",
          "name": "minecraft:book"
        }
      ]
    },
    {
      "rolls": {
        "type": "minecraft:uniform",
        "min": 7,
        "max": 16
      },
      "entries": [
        {
          "type": "minecraft:item",
          "name": "minecraft:paper"
        }
      ]
    }
  ]
}
