{
  "type": "minecraft:equipment",
  "pools": [
    {
      "rolls": 1,
      "entries": [
        {
          "type": "minecraft:item",
          "name": "minecraft:iron_helmet",
          "weight": 1
        }
      ],
      "functions": [
        {
          "function": "minecraft:set_enchantments",
          "enchantments": {
            "minecraft:protection": {
              "type": "minecraft:uniform",
              "min": 0,
              "max": 2
            }
          },
          "conditions": [
            {
              "condition": "minecraft:random_chance",
              "chance": 0.3
            }
          ]
        }
      ],
      "conditions": []
    },
    {
      "rolls": 1,
      "entries": [
        {
          "type": "minecraft:item",
          "name": "minecraft:iron_chestplate",
          "weight": 1
        }
      ],
      "functions": [
        {
          "function": "minecraft:set_enchantments",
          "enchantments": {
            "minecraft:protection": {
              "type": "minecraft:uniform",
              "min": 0,
              "max": 2
            }
          },
          "conditions": [
            {
              "condition": "minecraft:random_chance",
              "chance": 0.3
            }
          ]
        }
      ],
      "conditions": []
    },
    {
      "rolls": 1,
      "entries": [
        {
          "type": "minecraft:item",
          "name": "minecraft:iron_leggings",
          "weight": 1
        }
      ],
      "functions": [
        {
          "function": "minecraft:set_enchantments",
          "enchantments": {
            "minecraft:protection": {
              "type": "minecraft:uniform",
              "min": 0,
              "max": 2
            }
          },
          "conditions": [
            {
              "condition": "minecraft:random_chance",
              "chance": 0.3
            }
          ]
        }
      ]
    },
    {
      "rolls": 1,
      "entries": [
        {
          "type": "minecraft:item",
          "name": "minecraft:iron_boots",
          "weight": 1
        }
      ],
      "functions": [
        {
          "function": "minecraft:set_enchantments",
          "enchantments": {
            "minecraft:protection": {
              "type": "minecraft:uniform",
              "min": 0,
              "max": 2
            }
          },
          "conditions": [
            {
              "condition": "minecraft:random_chance",
              "chance": 0.3
            }
          ]
        }
      ]
    },
    {
      "rolls": 1,
      "entries": [
        {
          "type": "minecraft:item",
          "name": "minecraft:iron_sword",
          "weight": 1
        },
        {
          "type": "minecraft:item",
          "name": "minecraft:iron_axe",
          "weight": 1
        }
      ],
      "functions": [
        {
          "function": "minecraft:set_enchantments",
          "enchantments": {
            "minecraft:sharpness": {
              "type": "minecraft:uniform",
              "min": 1,
              "max": 2
            }
          },
          "conditions": [
            {
              "condition": "minecraft:random_chance",
              "chance": 0.3
            }
          ]
        }
      ]
    }
  ]
}