{
  "ticks_between_spawn": 4,
  "spawn_potentials": [
    {
      "data": {
        "entity": {
          "drop_chances": {
            "mainhand": 0
          },
          "attributes": [
            {
              "id": "max_health",
              "base": 200
            },
            {
              "id": "scale",
              "base": 3
            },
            {
              "id": "attack_damage",
              "base": 16
            },
            {
              "id": "follow_range",
              "base": 100
            }
          ],
          "id": "minecraft:phantom",
          "Health": 200,
          "Tags": [
            "phantom_boss",
            "trial_normal"
          ],
          "equipment": {
            "mainhand": {
              "components": {
                "minecraft:enchantments": {
                  "nova_structures:boss_behaviour": 1
                }
              },
              "count": 1,
              "id": "stick"
            }
		  }
        }
      },
      "weight": 1
    }
  ],
  "simultaneous_mobs": 1,
  "total_mobs": 1,
  "simultaneous_mobs_added_per_player": 0.2,
  "total_mobs_added_per_player": 0.2,
  "loot_tables_to_eject": [
    {
      "data": "nova_structures:spawners/end_castle/boss",
      "weight": 1
    }
  ]
}