{
  "loot_tables_to_eject": [
    {
      "data": "nova_structures:spawners/end_castle/boss_ominous",
      "weight": 1
    }
  ],
  "simultaneous_mobs": 3,
  "total_mobs": 3,
  "simultaneous_mobs_added_per_player": 0.2,
  "total_mobs_added_per_player": 0.2,
  "items_to_drop_when_ominous": "nova_structures:spawner_projectile/end_castle/projectiles_end_castle",
  "ticks_between_spawn": 4,
  "spawn_potentials": [
    {
      "data": {
        "entity": {
          "drop_chances": {
            "mainhand": 0
		  },
          "attributes": [
            {
              "id": "max_health",
              "base": 100
            },
            {
              "id": "scale",
              "base": 3
            },
            {
              "id": "attack_damage",
              "base": 9
            },
            {
              "id": "follow_range",
              "base": 100
            }
          ],
          "id": "minecraft:phantom",
          "Health": 100,
          "Tags": [
            "phantom_boss_ominous",
            "trial_ominous"
          ],
          "equipment": {
            "mainhand": {
              "components": {
                "minecraft:enchantments": {
                  "nova_structures:boss_behaviour": 1
                }
              },
              "count": 1,
              "id": "flint"
            }
		  }
        }
      },
      "weight": 1
    }
  ]
}