{
  "elements": [
    {
      "element": {
        "element_type": "minecraft:legacy_single_pool_element",
        "location": "ddd:tower/wizard/spawners/spawners_liv4/diamond_armor",
        "processors": "ddd:aging_stone_bricks",
        "projection": "rigid"
      },
      "weight": 2
    },
    {
      "element": {
        "element_type": "minecraft:legacy_single_pool_element",
        "location": "ddd:tower/wizard/spawners/spawners_liv4/diamond_armor",
        "processors": "ddd:aging_stone_bricks",
        "projection": "rigid"
      },
      "weight": 2
    }
  ],
  "fallback": "minecraft:empty"
}