{
	"name": "nova_structures:end_castle/start",
	"fallback": "minecraft:empty",
	"elements": [
		{
			"weight": 1,
			"element": {
				"element_type": "minecraft:single_pool_element",
				"location": "nova_structures:end_castle/ship/end_galleon",
				"projection": "rigid",
				"processors": "minecraft:empty"
			}
		},
		{
			"weight": 2,
			"element": {
				"element_type": "minecraft:single_pool_element",
				"location": "nova_structures:end_castle/ship/end_brigantine",
				"projection": "rigid",
				"processors": "minecraft:empty"
			}
		},
		{
			"weight": 3,
			"element": {
				"element_type": "minecraft:single_pool_element",
				"location": "nova_structures:end_castle/ship/end_slope_a",
				"projection": "rigid",
				"processors": "minecraft:empty"
			}
		}
	]
}