{
  "type": "minecraft:chest",
  "pools": [
    {
      "rolls": 3,
      "entries": [
        {
          "type": "minecraft:item",
          "functions": [
            {
              "function": "minecraft:set_count",
              "count": {
                "type": "minecraft:uniform",
                "min": 1.0,
                "max": 3.0
              },
              "add": false
            }
          ],
          "name": "minecraft:chorus_fruit",
          "weight": 30
        },
        {
          "type": "minecraft:item",
          "name": "minecraft:beetroot_soup",
          "weight": 150
        },
        {
          "type": "minecraft:item",
          "functions": [
            {
              "options": "#nova_structures:gravity",
              "function": "minecraft:enchant_randomly"
            }
          ],
          "name": "minecraft:book"
        }
      ]
    },
    {
      "rolls": 1,
      "bonus_rolls": 0.0,
      "entries": [
        {
          "type": "minecraft:loot_table",
          "value": "nova_structures:maps/end_castle",
          "weight": 1
        }
      ]
    },
    {
      "rolls": 1,
      "bonus_rolls": 0.0,
      "entries": [
        {
          "type": "minecraft:item",
          "name": "minecraft:spyglass"
        }
      ]
    }
  ],
  "functions": [
    {
      "function": "minecraft:reference",
      "name": "nova_structures:loot_modifier"
    }
  ]
}