 {
  "elements": [
    {
      "element": {
        "element_type": "minecraft:legacy_single_pool_element",
        "location": "ddd:tower/wizard/rooms_liv1/wizard_room_1_liv1",
        "processors": "ddd:tower_degradation",
        "projection": "rigid"
      },
      "weight": 1
    },
    {
      "element": {
        "element_type": "minecraft:legacy_single_pool_element",
        "location": "ddd:tower/wizard/rooms_liv1/wizard_room_2_liv1",
        "processors": "ddd:tower_degradation",
        "projection": "rigid"
      },
      "weight": 1
    },
    {
      "element": {
        "element_type": "minecraft:legacy_single_pool_element",
        "location": "ddd:tower/wizard/rooms_liv1/wizard_room_3_liv1",
        "processors": "ddd:tower_degradation",
        "projection": "rigid"
      },
      "weight": 1
    },
    {
      "element": {
        "element_type": "minecraft:legacy_single_pool_element",
        "location": "ddd:tower/wizard/rooms_liv1/wizard_room_4_liv1",
        "processors": "ddd:tower_degradation",
        "projection": "rigid"
      },
      "weight": 1
    },
    {
      "element": {
        "element_type": "minecraft:legacy_single_pool_element",
        "location": "ddd:tower/wizard/rooms_liv1/wizard_room_5_liv1",
        "processors": "ddd:tower_degradation",
        "projection": "rigid"
      },
      "weight": 1
    },
    {
      "element": {
        "element_type": "minecraft:legacy_single_pool_element",
        "location": "ddd:tower/wizard/rooms_liv1/wizard_room_6_liv1",
        "processors": "ddd:tower_degradation",
        "projection": "rigid"
      },
      "weight": 1
    },
    {
      "element": {
        "element_type": "minecraft:legacy_single_pool_element",
        "location": "ddd:tower/wizard/rooms_liv1/wizard_room_7_liv1",
        "processors": "ddd:tower_degradation",
        "projection": "rigid"
      },
      "weight": 1
    }
  ],
  "fallback": "minecraft:empty"
}