{
  "elements": [
    {
      "element": {
        "element_type": "minecraft:legacy_single_pool_element",
        "location": "ddd:tower/wizard/main/wizard_tower_top",
        "processors": "ddd:tower_degradation",
        "projection": "rigid"
      },
      "weight": 2
    },
    {
	  "name": "ddd:tower/plains/cores",
      "element": {
        "element_type": "minecraft:legacy_single_pool_element",
        "location": "ddd:tower/wizard/main/wizard_tower_top",
        "processors": "ddd:tower_degradation",
        "projection": "rigid"
      },
      "weight": 2
    }
  ],
  "fallback": "minecraft:empty"
}