{
  "elements": [
    {
      "element": {
        "element_type": "minecraft:legacy_single_pool_element",
        "location": "ddd:dungeon/common/big_decorations/tree_1",
        "processors": "ddd:aging_stone_bricks",
        "projection": "rigid"
      },
      "weight": 1
    },
    {
      "element": {
        "element_type": "minecraft:legacy_single_pool_element",
        "location": "ddd:dungeon/common/big_decorations/tree_2",
        "processors": [],
        "projection": "rigid"
      },
      "weight": 1
    },
        {
      "element": {
        "element_type": "minecraft:legacy_single_pool_element",
        "location": "ddd:dungeon/common/big_decorations/tree_3",
        "processors": [],
        "projection": "rigid"
      },
      "weight": 1
    },
    {
      "element": {
        "element_type": "minecraft:legacy_single_pool_element",
        "location": "ddd:dungeon/common/big_decorations/fountain",
        "processors": "ddd:aging_stone_bricks",
        "projection": "rigid"
      },
      "weight": 1
    },
    {
      "element": {
        "element_type": "minecraft:legacy_single_pool_element",
        "location": "ddd:dungeon/common/big_decorations/fountain_2",
        "processors": "ddd:aging_stone_bricks",
        "projection": "rigid"
      },
      "weight": 1
    },
    {
      "element": {
        "element_type": "minecraft:legacy_single_pool_element",
        "location": "ddd:dungeon/common/big_decorations/big_decoration_1",
        "processors": "ddd:aging_stone_bricks",
        "projection": "rigid"
      },
      "weight": 1
    },
        {
      "element": {
        "element_type": "minecraft:legacy_single_pool_element",
        "location": "ddd:dungeon/common/big_decorations/big_decoration_2",
        "processors": "ddd:aging_stone_bricks",
        "projection": "rigid"
      },
      "weight": 1
    }
  ],
  "fallback": "minecraft:empty"
}