{
  "elements": [
    {
      "element": {
        "element_type": "minecraft:legacy_single_pool_element",
        "location": "ddd:dungeon/common/cleaner/cleaner_1",
        "processors": "ddd:activator",
        "projection": "rigid"
      },
      "weight": 1
    },
    {
      "element": {
        "element_type": "minecraft:legacy_single_pool_element",
        "location": "ddd:dungeon/common/cleaner/cleaner_1",
        "processors": "ddd:activator",
        "projection": "rigid"
      },
      "weight": 1
    }

  ],
  "fallback": "minecraft:empty"
}