{
  "elements": [
    {
      "element": {
        "element_type": "minecraft:legacy_single_pool_element",
        "location": "ddd:dungeon/common/small_decorations_low/deco_1",
        "processors": "ddd:aging_stone_bricks",
        "projection": "rigid"
      },
      "weight": 1
    },
    {
      "element": {
        "element_type": "minecraft:legacy_single_pool_element",
        "location": "ddd:dungeon/common/small_decorations_low/deco_2",
        "processors": "ddd:aging_stone_bricks",
        "projection": "rigid"
      },
      "weight": 1
    },
    {
      "element": {
        "element_type": "minecraft:legacy_single_pool_element",
        "location": "ddd:dungeon/common/small_decorations_low/deco_3",
        "processors": "ddd:aging_stone_bricks",
        "projection": "rigid"
      },
      "weight": 1
    },
    {
      "element": {
        "element_type": "minecraft:legacy_single_pool_element",
        "location": "ddd:dungeon/common/small_decorations_low/deco_4",
        "processors": "ddd:aging_stone_bricks",
        "projection": "rigid"
      },
      "weight": 1
    },
    {
      "element": {
        "element_type": "minecraft:legacy_single_pool_element",
        "location": "ddd:dungeon/common/small_decorations_low/deco_5",
        "processors": "ddd:aging_stone_bricks",
        "projection": "rigid"
      },
      "weight": 1
    },
    {
      "element": {
        "element_type": "minecraft:legacy_single_pool_element",
        "location": "ddd:dungeon/common/small_decorations_low/deco_6",
        "processors": "ddd:aging_stone_bricks",
        "projection": "rigid"
      },
      "weight": 1
    },
    {
      "element": {
        "element_type": "minecraft:legacy_single_pool_element",
        "location": "ddd:dungeon/common/small_decorations_low/deco_7",
        "processors": "ddd:aging_stone_bricks",
        "projection": "rigid"
      },
      "weight": 1
    },
    {
      "element": {
        "element_type": "minecraft:legacy_single_pool_element",
        "location": "ddd:dungeon/common/small_decorations_low/deco_8",
        "processors": "ddd:aging_stone_bricks",
        "projection": "rigid"
      },
      "weight": 1
    },
    {
      "element": {
        "element_type": "minecraft:legacy_single_pool_element",
        "location": "ddd:dungeon/common/small_decorations_low/deco_9",
        "processors": "ddd:aging_stone_bricks",
        "projection": "rigid"
      },
      "weight": 1
    },
    {
      "element": {
        "element_type": "minecraft:legacy_single_pool_element",
        "location": "ddd:dungeon/common/small_decorations_low/deco_10",
        "processors": "ddd:aging_stone_bricks",
        "projection": "rigid"
      },
      "weight": 1
    }

  ],
  "fallback": "minecraft:empty"
}