{
  "elements": [
    {
      "element": {
        "element_type": "minecraft:legacy_single_pool_element",
        "location": "ddd:dungeon/common/water_spawners/drowned_spawner",
        "processors": "ddd:aging_stone_bricks",
        "projection": "rigid"
      },
      "weight": 1
    },
    {
      "element": {
        "element_type": "minecraft:legacy_single_pool_element",
        "location": "ddd:dungeon/common/water_spawners/guardian_spawner",
        "processors": "ddd:aging_stone_bricks",
        "projection": "rigid"
      },
      "weight": 1
    }

  ],
  "fallback": "minecraft:empty"
}