{
	"name": "nova_structures:end_castle/docks",
	"fallback": "nova_structures:end_castle/docks_fallback",
	"elements": [
		{
			"weight": 1,
			"element": {
				"element_type": "minecraft:single_pool_element",
				"location": "nova_structures:end_castle/bridge/bridge_a_fallback",
				"projection": "rigid",
				"processors": "minecraft:empty"
			}
		},
		{
			"weight": 1,
			"element": {
				"element_type": "minecraft:single_pool_element",
				"location": "nova_structures:end_castle/bridge/bridge_b_fallback",
				"projection": "rigid",
				"processors": "minecraft:empty"
			}
		},
		{
			"weight": 1,
			"element": {
				"element_type": "minecraft:single_pool_element",
				"location": "nova_structures:end_castle/bridge/bridge_a_fallback2",
				"projection": "rigid",
				"processors": "minecraft:empty"
			}
		},
		{
			"weight": 1,
			"element": {
				"element_type": "minecraft:single_pool_element",
				"location": "nova_structures:end_castle/bridge/bridge_b_fallback2",
				"projection": "rigid",
				"processors": "minecraft:empty"
			}
		}
	]
}
