{
	"name": "nova_structures:end_castle/spawner",
	"fallback": "minecraft:empty",
	"elements": [
		{
			"weight": 19,
			"element": {
				"element_type": "minecraft:single_pool_element",
				"location": "nova_structures:end_castle/spawner/mimic_inside_pillar",
				"projection": "rigid",
				"processors": "minecraft:empty"
			}
		},
		{
			"weight": 1,
			"element": {
				"element_type": "minecraft:single_pool_element",
				"location": "nova_structures:end_castle/spawner/mimic_inside_shulker",
				"projection": "rigid",
				"processors": "minecraft:empty"
			}
		},
		{
			"weight": 1,
			"element": {
				"element_type": "minecraft:single_pool_element",
				"location": "nova_structures:end_castle/spawner/mimic_inside_shulker_box",
				"projection": "rigid",
				"processors": "minecraft:empty"
			}
		},
		{
			"weight": 19,
			"element": {
				"element_type": "minecraft:single_pool_element",
				"location": "nova_structures:end_castle/spawner/mimic_outside_pillar",
				"projection": "rigid",
				"processors": "minecraft:empty"
			}
		},
		{
			"weight": 1,
			"element": {
				"element_type": "minecraft:single_pool_element",
				"location": "nova_structures:end_castle/spawner/mimic_outside_shulker",
				"projection": "rigid",
				"processors": "minecraft:empty"
			}
		},
		{
			"weight": 1,
			"element": {
				"element_type": "minecraft:single_pool_element",
				"location": "nova_structures:end_castle/spawner/pillar_shulker",
				"projection": "rigid",
				"processors": "minecraft:empty"
			}
		},
		{
			"weight": 8,
			"element": {
				"element_type": "minecraft:single_pool_element",
				"location": "nova_structures:end_castle/spawner/pillar_shulker_fail",
				"projection": "rigid",
				"processors": "minecraft:empty"
			}
		},
		{
			"weight": 1,
			"element": {
				"element_type": "minecraft:single_pool_element",
				"location": "nova_structures:end_castle/spawner/pillar_shulker_box",
				"projection": "rigid",
				"processors": "minecraft:empty"
			}
		},
		{
			"weight": 1,
			"element": {
				"element_type": "minecraft:single_pool_element",
				"location": "nova_structures:end_castle/spawner/spawner_endermite",
				"projection": "rigid",
				"processors": "minecraft:empty"
			}
		},
		{
			"weight": 1,
			"element": {
				"element_type": "minecraft:single_pool_element",
				"location": "nova_structures:end_castle/spawner/spawner_phantom",
				"projection": "rigid",
				"processors": "minecraft:empty"
			}
		},
		{
			"weight": 1,
			"element": {
				"element_type": "minecraft:single_pool_element",
				"location": "nova_structures:end_castle/spawner/spawner_phantom_suport",
				"projection": "rigid",
				"processors": "minecraft:empty"
			}
		},
		{
			"weight": 1,
			"element": {
				"element_type": "minecraft:single_pool_element",
				"location": "nova_structures:end_castle/spawner/spawner_phantom_boss",
				"projection": "rigid",
				"processors": "minecraft:empty"
			}
		},
		{
			"weight": 1,
			"element": {
				"element_type": "minecraft:single_pool_element",
				"location": "nova_structures:end_castle/spawner/spawner_shulker",
				"projection": "rigid",
				"processors": "minecraft:empty"
			}
		},
		{
			"weight": 1,
			"element": {
				"element_type": "minecraft:single_pool_element",
				"location": "nova_structures:end_castle/spawner/spawner_shulker_boss",
				"projection": "rigid",
				"processors": "minecraft:empty"
			}
		},
		{
			"weight": 1,
			"element": {
				"element_type": "minecraft:single_pool_element",
				"location": "nova_structures:end_castle/spawner/spawner_shulker_mini_boss",
				"projection": "rigid",
				"processors": "minecraft:empty"
			}
		}
	]
}
