{
  "elements": [
    {
      "element": {
        "element_type": "minecraft:single_pool_element",
        "location": "ddd:tower/monolithic/main/monolithic_tower",
        "processors": "ddd:tower_degradation",
        "projection": "rigid"
      },
      "weight": 1
    },
    {
      "element": {
        "element_type": "minecraft:single_pool_element",
        "location": "ddd:tower/monolithic/main/monolithic_tower",
        "processors": "ddd:tower_degradation",
        "projection": "rigid"
      },
      "weight": 1
    }
    
  ],
  "fallback": "minecraft:empty"
}