{
  "pools": [
    {
      "rolls": {
        "min": 6,
        "max": 12
      },
      "entries": [
        {
          "type": "minecraft:item",
          "name": "minecraft:lingering_potion",
          "weight": 1,
          "functions": [
            {
              "function": "minecraft:set_custom_model_data",
              "strings": {
                "values": [
                  "crystallized_venom"
                ],
                "mode": "append"
              }
            },
            {
              "function": "minecraft:set_name",
              "entity": "this",
              "target": "custom_name",
              "name": {
                "text": "Crystallized Venom"
              }
            },
            {
              "function": "minecraft:set_components",
              "components": {
                "minecraft:potion_contents": {
                  "potion": "minecraft:awkward",
                  "custom_color": 4125493,
                  "custom_effects": [
                    {
                      "id": "minecraft:poison",
                      "amplifier": 0,
                      "duration": 500
                    }
                  ]
                },
                "minecraft:tooltip_display": {
                  "hide_tooltip": false,
                  "hidden_components": [
                    "minecraft:item_name"
                  ]
                }
              }
            },
            {
              "function": "minecraft:set_count",
              "count": {
                "min": 1,
                "max": 4
              }
            }
          ]
        },
        {
          "type": "minecraft:item",
          "name": "minecraft:lingering_potion",
          "weight": 2,
          "functions": [
            {
              "function": "minecraft:set_custom_model_data",
              "strings": {
                "values": [
                  "powerful_toxin"
                ],
                "mode": "append"
              }
            },
            {
              "function": "minecraft:set_name",
              "entity": "this",
              "target": "custom_name",
              "name": {
                "text": "Powerful Toxin"
              }
            },
            {
              "function": "minecraft:set_components",
              "components": {
                "minecraft:potion_contents": {
                  "potion": "minecraft:awkward",
                  "custom_color": 16767232,
                  "custom_effects": [
                    {
                      "id": "minecraft:poison",
                      "duration": 500
                    },
                    {
                      "id": "minecraft:nausea",
                      "duration": 500
                    },
                    {
                      "id": "minecraft:hunger",
                      "duration": 1800
                    },
                    {
                      "id": "minecraft:blindness",
                      "amplifier": 1,
                      "duration": 500
                    },
                    {
                      "id": "minecraft:weakness",
                      "duration": 1800
                    },
                    {
                      "id": "minecraft:slowness",
                      "duration": 1800
                    },
                    {
                      "id": "minecraft:mining_fatigue",
                      "duration": 1800
                    }
                  ]
                },
                "minecraft:tooltip_display": {
                  "hide_tooltip": false,
                  "hidden_components": [                   
                    "minecraft:item_name"
                  ]
                }
              }
            },
            {
              "function": "minecraft:set_count",
              "count": {
                "min": 1,
                "max": 4
              }
            }
          ]
        },
        {
          "type": "minecraft:item",
          "name": "minecraft:lingering_potion",
          "weight": 2,
          "functions": [
            {
              "function": "minecraft:set_custom_model_data",
              "strings": {
                "values": [
                  "strong_crystallized_venom"
                ],
                "mode": "append"
              }
            },
            {
              "function": "minecraft:set_name",
              "entity": "this",
              "target": "custom_name",
              "name": {
                "text": "Strong Crystallized Venom"
              }
            },
            {
              "function": "minecraft:set_components",
              "components": {
                "minecraft:potion_contents": {
                  "potion": "minecraft:awkward",
                  "custom_color": 4194368,
                  "custom_effects": [
                    {
                      "id": "minecraft:poison",
                      "amplifier": 2,
                      "duration": 400
                    }
                  ]
                },
                "minecraft:tooltip_display": {
                  "hide_tooltip": false,
                  "hidden_components": [
                    "minecraft:item_name"
                  ]
                }
              }
            },
            {
              "function": "minecraft:set_count",
              "count": {
                "min": 1,
                "max": 4
              }
            }
          ]
        }
      ]
    },
    {
      "rolls": {
        "min": 1,
        "max": 3
      },
      "entries": [
        {
          "type": "minecraft:item",
          "name": "minecraft:diamond_block",
          "weight": 1,
          "functions": [
            {
              "function": "minecraft:set_count",
              "count": {
                "min": 1,
                "max": 4
              }
            }
          ]
        },
        {
          "type": "minecraft:item",
          "name": "minecraft:gold_block",
          "weight": 1,
          "functions": [
            {
              "function": "minecraft:set_count",
              "count": {
                "min": 3,
                "max": 10
              }
            }
          ]
        },
        {
          "type": "minecraft:item",
          "name": "minecraft:iron_block",
          "weight": 1,
          "functions": [
            {
              "function": "minecraft:set_count",
              "count": {
                "min": 2,
                "max": 8
              }
            }
          ]
        },
        {
          "type": "minecraft:item",
          "name": "minecraft:lapis_block",
          "weight": 1,
          "functions": [
            {
              "function": "minecraft:set_count",
              "count": {
                "min": 4,
                "max": 12
              }
            }
          ]
        }
      ]
    },
    {
      "rolls": {
        "min": 0,
        "max": 2
      },
      "entries": [
        {
          "type": "minecraft:item",
          "name": "minecraft:book",
          "functions": [
            {
              "function": "minecraft:enchant_with_levels",
              "levels": {
                "min": 30,
                "max": 40
              }
            }
          ]
        }
      ]
    },
    {
      "rolls": {
        "type": "minecraft:uniform",
        "min": 2,
        "max": 3
      },
      "entries": [
        {
          "type": "minecraft:item",
          "name": "minecraft:enchanted_golden_apple",
          "weight": 1,
          "functions": [
            {
              "function": "minecraft:set_count",
              "count": {
                "min": 1,
                "max": 2
              }
            }
          ]
        },
        {
          "type": "minecraft:item",
          "name": "minecraft:golden_apple",
          "weight": 2,
          "functions": [
            {
              "function": "minecraft:set_count",
              "count": {
                "min": 8,
                "max": 16
              }
            }
          ]
        }
      ]
    },
    {
      "rolls": {
        "type": "minecraft:uniform",
        "min": 3,
        "max": 5
      },
      "bonus_rolls": 0,
      "entries": [
        {
          "type": "minecraft:item",
          "name": "minecraft:diamond",
          "weight": 3,
          "functions": [
            {
              "function": "minecraft:set_count",
              "count": {
                "type": "minecraft:uniform",
                "min": 4,
                "max": 24
              }
            }
          ]
        },
        {
          "type": "minecraft:item",
          "name": "minecraft:emerald",
          "weight": 3,
          "functions": [
            {
              "function": "minecraft:set_count",
              "count": {
                "type": "minecraft:uniform",
                "min": 24,
                "max": 64
              }
            }
          ]
        },
        {
          "type": "minecraft:item",
          "name": "minecraft:gold_ingot",
          "weight": 4,
          "functions": [
            {
              "function": "minecraft:set_count",
              "count": {
                "type": "minecraft:uniform",
                "min": 12,
                "max": 64
              }
            }
          ]
        },
        {
          "type": "minecraft:item",
          "name": "minecraft:copper_ingot",
          "weight": 1,
          "functions": [
            {
              "function": "minecraft:set_count",
              "count": {
                "type": "minecraft:uniform",
                "min": 14,
                "max": 30
              }
            }
          ]
        },
        {
          "type": "minecraft:item",
          "name": "minecraft:iron_ingot",
          "weight": 4,
          "functions": [
            {
              "function": "minecraft:set_count",
              "count": {
                "type": "minecraft:uniform",
                "min": 10,
                "max": 40
              }
            }
          ]
        },
        {
          "type": "minecraft:item",
          "name": "minecraft:coal",
          "weight": 2,
          "functions": [
            {
              "function": "minecraft:set_count",
              "count": {
                "type": "minecraft:uniform",
                "min": 12,
                "max": 20
              }
            }
          ]
        },
        {
          "type": "minecraft:item",
          "name": "minecraft:iron_nugget",
          "weight": 2,
          "functions": [
            {
              "function": "minecraft:set_count",
              "count": {
                "type": "minecraft:uniform",
                "min": 10,
                "max": 32
              }
            }
          ]
        },
        {
          "type": "minecraft:item",
          "name": "minecraft:gold_nugget",
          "weight": 2,
          "functions": [
            {
              "function": "minecraft:set_count",
              "count": {
                "type": "minecraft:uniform",
                "min": 11,
                "max": 64
              }
            }
          ]
        },
        {
          "type": "minecraft:item",
          "name": "minecraft:redstone",
          "weight": 2,
          "functions": [
            {
              "function": "minecraft:set_count",
              "count": {
                "type": "minecraft:uniform",
                "min": 8,
                "max": 20
              }
            }
          ]
        },
        {
          "type": "minecraft:item",
          "name": "minecraft:lapis_lazuli",
          "weight": 3,
          "functions": [
            {
              "function": "minecraft:set_count",
              "count": {
                "type": "minecraft:uniform",
                "min": 6,
                "max": 28
              }
            }
          ]
        }
      ]
    },
    {
      "rolls": {
        "type": "minecraft:uniform",
        "min": 2,
        "max": 3
      },
      "bonus_rolls": 0,
      "entries": [
        {
          "type": "minecraft:item",
          "name": "minecraft:diamond_pickaxe",
          "weight": 4,
          "functions": [
            {
              "function": "minecraft:set_damage",
              "damage": {
                "type": "minecraft:uniform",
                "min": 0.3,
                "max": 1
              }
            },
            {
              "function": "minecraft:enchant_with_levels",
              "levels": {
                "type": "minecraft:uniform",
                "min": 30,
                "max": 40
              }
            }
          ]
        },
        {
          "type": "minecraft:item",
          "name": "minecraft:diamond_sword",
          "weight": 4,
          "functions": [
            {
              "function": "minecraft:set_damage",
              "damage": {
                "type": "minecraft:uniform",
                "min": 0.3,
                "max": 1
              }
            },
            {
              "function": "minecraft:enchant_with_levels",
              "levels": {
                "type": "minecraft:uniform",
                "min": 30,
                "max": 40
              }
            }
          ]
        },
        {
          "type": "minecraft:item",
          "name": "minecraft:diamond_axe",
          "weight": 4,
          "functions": [
            {
              "function": "minecraft:set_damage",
              "damage": {
                "type": "minecraft:uniform",
                "min": 0.3,
                "max": 1
              }
            },
            {
              "function": "minecraft:enchant_with_levels",
              "levels": {
                "type": "minecraft:uniform",
                "min": 30,
                "max": 40
              }
            }
          ]
        },
        {
          "type": "minecraft:item",
          "name": "minecraft:diamond_shovel",
          "weight": 4,
          "functions": [
            {
              "function": "minecraft:set_damage",
              "damage": {
                "type": "minecraft:uniform",
                "min": 0.3,
                "max": 1
              }
            },
            {
              "function": "minecraft:enchant_with_levels",
              "levels": {
                "type": "minecraft:uniform",
                "min": 30,
                "max": 40
              }
            }
          ]
        },
        {
          "type": "minecraft:item",
          "name": "minecraft:diamond_helmet",
          "weight": 4,
          "functions": [
            {
              "function": "minecraft:set_damage",
              "damage": {
                "type": "minecraft:uniform",
                "min": 0.3,
                "max": 1
              }
            },
            {
              "function": "minecraft:enchant_with_levels",
              "levels": {
                "type": "minecraft:uniform",
                "min": 30,
                "max": 40
              }
            }
          ]
        },
        {
          "type": "minecraft:item",
          "name": "minecraft:diamond_chestplate",
          "weight": 4,
          "functions": [
            {
              "function": "minecraft:set_damage",
              "damage": {
                "type": "minecraft:uniform",
                "min": 0.3,
                "max": 1
              }
            },
            {
              "function": "minecraft:enchant_with_levels",
              "levels": {
                "type": "minecraft:uniform",
                "min": 30,
                "max": 40
              }
            }
          ]
        },
        {
          "type": "minecraft:item",
          "name": "minecraft:diamond_leggings",
          "weight": 4,
          "functions": [
            {
              "function": "minecraft:set_damage",
              "damage": {
                "type": "minecraft:uniform",
                "min": 0.3,
                "max": 1
              }
            },
            {
              "function": "minecraft:enchant_with_levels",
              "levels": {
                "type": "minecraft:uniform",
                "min": 30,
                "max": 40
              }
            }
          ]
        },
        {
          "type": "minecraft:item",
          "name": "minecraft:diamond_boots",
          "weight": 4,
          "functions": [
            {
              "function": "minecraft:set_damage",
              "damage": {
                "type": "minecraft:uniform",
                "min": 0.3,
                "max": 1
              }
            },
            {
              "function": "minecraft:enchant_with_levels",
              "levels": {
                "type": "minecraft:uniform",
                "min": 30,
                "max": 40
              }
            }
          ]
        }
      ]
    },
    {
      "rolls": {
        "type": "minecraft:uniform",
        "min": 0,
        "max": 8
      },
      "entries": [
        {
          "type": "minecraft:item",
          "name": "minecraft:spider_eye",
          "weight": 6,
          "functions": [
            {
              "function": "minecraft:set_count",
              "count": {
                "type": "minecraft:uniform",
                "min": 1,
                "max": 12
              }
            }
          ]
        },
        {
          "type": "minecraft:item",
          "name": "minecraft:skeleton_skull",
          "weight": 1
        },
        {
          "type": "minecraft:item",
          "name": "minecraft:cobweb",
          "weight": 8,
          "functions": [
            {
              "function": "minecraft:set_count",
              "count": {
                "type": "minecraft:uniform",
                "min": 1,
                "max": 3
              }
            }
          ]
        },
        {
          "type": "minecraft:item",
          "name": "minecraft:gunpowder",
          "weight": 4,
          "functions": [
            {
              "function": "minecraft:set_count",
              "count": {
                "type": "minecraft:uniform",
                "min": 1,
                "max": 8
              }
            }
          ]
        },
        {
          "type": "minecraft:item",
          "name": "minecraft:bone",
          "weight": 4,
          "functions": [
            {
              "function": "minecraft:set_count",
              "count": {
                "min": 1,
                "max": 12
              }
            }
          ]
        },
        {
          "type": "minecraft:item",
          "name": "minecraft:string",
          "weight": 8,
          "functions": [
            {
              "function": "minecraft:set_count",
              "count": {
                "type": "minecraft:uniform",
                "min": 1,
                "max": 10
              }
            }
          ]
        },
        {
          "type": "minecraft:item",
          "name": "minecraft:slime_ball",
          "weight": 4,
          "functions": [
            {
              "function": "minecraft:set_count",
              "count": {
                "min": 6,
                "max": 12
              }
            }
          ]
        },
        {
          "type": "minecraft:item",
          "name": "minecraft:slime_block",
          "weight": 2,
          "functions": [
            {
              "function": "minecraft:set_count",
              "count": {
                "min": 4,
                "max": 10
              }
            }
          ]
        },
        {
          "type": "minecraft:item",
          "name": "minecraft:arrow",
          "weight": 3,
          "functions": [
            {
              "function": "minecraft:set_count",
              "count": {
                "type": "minecraft:uniform",
                "min": 1,
                "max": 10
              }
            }
          ]
        },
        {
          "type": "minecraft:item",
          "name": "minecraft:ender_pearl",
          "weight": 4,
          "functions": [
            {
              "function": "minecraft:set_count",
              "count": {
                "type": "minecraft:uniform",
                "min": 1,
                "max": 4
              }
            }
          ]
        },
        {
          "type": "minecraft:item",
          "name": "minecraft:experience_bottle",
          "weight": 6,
          "functions": [
            {
              "function": "minecraft:set_count",
              "count": {
                "type": "minecraft:uniform",
                "min": 8,
                "max": 32
              }
            }
          ]
        }
      ]
    }
  ]
}