{
  "processors": [
    {
      "processor_type": "minecraft:rule",
      "rules": [
        
		{
		  "input_predicate": {
		    "block": "minecraft:blue_concrete",
		    "predicate_type": "minecraft:random_block_match",
		    "probability": 1
		  },
		  "location_predicate": {
		    "predicate_type": "minecraft:always_true"
		  },
		  "output_state": {
		    "Name": "minecraft:cave_air"
		  }
		},
		{
          "input_predicate": {
            "block": "minecraft:cracked_deepslate_bricks",
            "predicate_type": "minecraft:random_block_match",
            "probability": 0.7
          },
          "location_predicate": {
            "predicate_type": "minecraft:always_true"
          },
          "output_state": {
            "Name": "minecraft:cave_air"
          }
       	},
        {
          "input_predicate": {
            "block": "minecraft:cobbled_deepslate_stairs",
            "predicate_type": "minecraft:random_block_match",
            "probability": 0.7
          },
          "location_predicate": {
            "predicate_type": "minecraft:always_true"
          },
          "output_state": {
            "Name": "minecraft:cave_air"
          }
       	},
        {
          "input_predicate": {
            "block": "minecraft:cobblestone_wall",
            "predicate_type": "minecraft:random_block_match",
            "probability": 1
          },
          "location_predicate": {
            "predicate_type": "minecraft:always_true"
          },
          "output_state": {
            "Name": "minecraft:cobbled_deepslate_wall"
          }
       	},       	
        {
          "input_predicate": {
            "block": "minecraft:cobbled_deepslate_wall",
            "predicate_type": "minecraft:random_block_match",
            "probability": 0.7
          },
          "location_predicate": {
            "predicate_type": "minecraft:always_true"
          },
          "output_state": {
            "Name": "minecraft:cave_air"
          }
       	},
        {
          "input_predicate": {
            "block": "minecraft:cobbled_deepslate_wall",
            "predicate_type": "minecraft:random_block_match",
            "probability": 0.4
          },
          "location_predicate": {
            "predicate_type": "minecraft:always_true"
          },
          "output_state": {
            "Name": "minecraft:deepslate_brick_wall"
          }
       	},
       	
        {  
          "input_predicate": {
            "block": "minecraft:cracked_deepslate_bricks",
            "predicate_type": "minecraft:random_block_match",
            "probability": 0.42
          },
          "location_predicate": {
            "predicate_type": "minecraft:always_true"
          },
          "output_state": {
            "Name": "minecraft:deepslate_bricks"
          }
        },
        
        {  
          "input_predicate": {
            "block": "minecraft:cracked_deepslate_bricks",
            "predicate_type": "minecraft:random_block_match",
            "probability": 0.3
          },
          "location_predicate": {
            "predicate_type": "minecraft:always_true"
          },
          "output_state": {
            "Name": "minecraft:cobbled_deepslate"
          }
        },
        
        {
          "input_predicate": {
            "block": "minecraft:deepslate_bricks",
            "predicate_type": "minecraft:random_block_match",
            "probability": 0.2
          },
          "location_predicate": {
            "predicate_type": "minecraft:always_true"
          },
          "output_state": {
            "Name": "minecraft:cobbled_deepslate"
          }
       	},
       	
        {  
          "input_predicate": {
            "block": "minecraft:deepslate_bricks",
            "predicate_type": "minecraft:random_block_match",
            "probability": 0.4
          },
          "location_predicate": {
            "predicate_type": "minecraft:always_true"
          },
          "output_state": {
            "Name": "minecraft:cracked_deepslate_bricks"
          }
        }
      ]
    }
  ]
}