{
  "processors": [
    {
      "processor_type": "minecraft:rule",
      "rules": [       	
        {  
          "input_predicate": {
            "block": "minecraft:sandstone",
            "predicate_type": "minecraft:random_block_match",
            "probability": 0.2
          },
          "location_predicate": {
            "predicate_type": "minecraft:always_true"
          },
          "output_state": {
            "Name": "minecraft:cut_sandstone"
          }
        },
        
        {  
          "input_predicate": {
            "block": "minecraft:sandstone",
            "predicate_type": "minecraft:random_block_match",
            "probability": 0.2
          },
          "location_predicate": {
            "predicate_type": "minecraft:always_true"
          },
          "output_state": {
            "Name": "minecraft:smooth_sandstone"
          }
        },
              
        {  
          "input_predicate": {
            "block": "minecraft:sandstone",
            "predicate_type": "minecraft:random_block_match",
            "probability": 0.2
          },
          "location_predicate": {
            "predicate_type": "minecraft:always_true"
          },
          "output_state": {
            "Name": "minecraft:chiseled_sandstone"
          }
        }
        
      ]
    }
  ]
}